fold,seed,detector,k,auroc,coverage,cov_gap
0,0,SAFE-MLP,5,0.481651376146789,0.7717391304347826,-0.02826086956521745
0,0,SAFE-MLP,8,0.49655963302752293,0.75,-0.050000000000000044
0,0,SAFE-MLP,10,0.5370961308336657,0.9347826086956522,0.13478260869565217
0,0,SAFE-MLP,15,0.5613282808137215,0.7934782608695652,-0.006521739130434856
0,0,SAFE-MLP,20,0.5871559633027523,0.782608695652174,-0.017391304347826098
0,0,H&S,5,0.614379736737136,0.5652173913043479,-0.23478260869565215
0,0,H&S,8,0.6112883925009972,0.6847826086956521,-0.11521739130434794
0,0,H&S,10,0.6174710809732749,0.5326086956521738,-0.2673913043478262
0,0,H&S,15,0.6613482249700837,0.48913043478260865,-0.3108695652173914
0,0,H&S,20,0.6548663741523734,0.5543478260869565,-0.2456521739130435
0,0,SAFE-Embed,5,0.7236737136019147,0.9782608695652174,0.17826086956521736
0,0,SAFE-Embed,8,0.7624650977263662,0.8804347826086957,0.08043478260869563
0,0,SAFE-Embed,10,0.7708416433984843,0.9565217391304348,0.15652173913043477
0,0,SAFE-Embed,15,0.7734343837255684,0.7717391304347826,-0.02826086956521745
0,0,SAFE-Embed,20,0.7778220981252493,0.8152173913043479,0.01521739130434785
0,1,SAFE-MLP,5,0.4771140805743917,0.8586956521739131,0.05869565217391304
0,1,SAFE-MLP,8,0.5003490227363383,0.8260869565217391,0.02608695652173909
0,1,SAFE-MLP,10,0.5062824092540885,0.7391304347826086,-0.0608695652173914
0,1,SAFE-MLP,15,0.518348623853211,0.6413043478260869,-0.15869565217391313
0,1,SAFE-MLP,20,0.5658157159952134,0.6086956521739131,-0.19130434782608696
0,1,H&S,5,0.6155763861188672,0.23913043478260865,-0.5608695652173914
0,1,H&S,8,0.6189668927004388,0.5652173913043479,-0.23478260869565215
0,1,H&S,10,0.6177702433187077,0.4565217391304348,-0.34347826086956523
0,1,H&S,15,0.6159752692461109,0.6086956521739131,-0.19130434782608696
0,1,H&S,20,0.5933386517750299,0.48913043478260865,-0.3108695652173914
0,1,SAFE-Embed,5,0.7318508177104108,0.9239130434782609,0.12391304347826082
0,1,SAFE-Embed,8,0.7701435979258078,0.9021739130434783,0.10217391304347823
0,1,SAFE-Embed,10,0.7815117670522537,0.9891304347826086,0.1891304347826086
0,1,SAFE-Embed,15,0.7745313123254887,0.8478260869565217,0.047826086956521685
0,1,SAFE-Embed,20,0.7770243318707619,0.8804347826086957,0.08043478260869563
1,0,SAFE-MLP,5,0.5506450071667462,0.9456521739130435,0.14565217391304341
1,0,SAFE-MLP,8,0.5903010033444817,0.9347826086956522,0.13478260869565217
1,0,SAFE-MLP,10,0.6002150023889155,0.9347826086956522,0.13478260869565217
1,0,SAFE-MLP,15,0.5806258958432872,0.8804347826086957,0.08043478260869563
1,0,SAFE-MLP,20,0.6221930243669375,0.8369565217391304,0.03695652173913033
1,0,H&S,5,0.6213569039655996,0.48913043478260865,-0.3108695652173914
1,0,H&S,8,0.6501433349259437,0.5,-0.30000000000000004
1,0,H&S,10,0.615145723841376,0.5217391304347826,-0.27826086956521745
1,0,H&S,15,0.555303392259914,0.46739130434782605,-0.332608695652174
1,0,H&S,20,0.5237697085523172,0.5217391304347826,-0.27826086956521745
1,0,SAFE-Embed,5,0.5562589584328714,0.8369565217391304,0.03695652173913033
1,0,SAFE-Embed,8,0.5684424271380794,0.8043478260869565,0.004347826086956497
1,0,SAFE-Embed,10,0.608337314859054,0.8369565217391304,0.03695652173913033
1,0,SAFE-Embed,15,0.6725991399904443,0.7934782608695652,-0.006521739130434856
1,0,SAFE-Embed,20,0.6952938365981844,0.782608695652174,-0.017391304347826098
1,1,SAFE-MLP,5,0.5862398471094123,0.8152173913043479,0.01521739130434785
1,1,SAFE-MLP,8,0.5998566650740563,0.7173913043478262,-0.08260869565217388
1,1,SAFE-MLP,10,0.5971094123268036,0.8260869565217391,0.02608695652173909
1,1,SAFE-MLP,15,0.6305542283803154,0.6413043478260869,-0.15869565217391313
1,1,SAFE-MLP,20,0.6370043000477783,0.8695652173913043,0.06956521739130428
1,1,H&S,5,0.6071428571428571,0.32608695652173914,-0.4739130434782609
1,1,H&S,8,0.6084567606306737,0.44565217391304346,-0.3543478260869566
1,1,H&S,10,0.590181557572862,0.48913043478260865,-0.3108695652173914
1,1,H&S,15,0.5757286192068801,0.3913043478260869,-0.4086956521739131
1,1,H&S,20,0.5942427138079311,0.5217391304347826,-0.27826086956521745
1,1,SAFE-Embed,5,0.5342809364548495,0.6847826086956521,-0.11521739130434794
1,1,SAFE-Embed,8,0.570831342570473,0.8369565217391304,0.03695652173913033
1,1,SAFE-Embed,10,0.5870759675107501,0.8152173913043479,0.01521739130434785
1,1,SAFE-Embed,15,0.6257763975155279,0.8913043478260869,0.09130434782608687
1,1,SAFE-Embed,20,0.6555183946488294,0.8695652173913043,0.06956521739130428
2,0,SAFE-MLP,5,0.4735054347826087,0.7391304347826086,-0.0608695652173914
2,0,SAFE-MLP,8,0.45069875776397517,0.7391304347826086,-0.0608695652173914
2,0,SAFE-MLP,10,0.5049495341614907,0.7391304347826086,-0.0608695652173914
2,0,SAFE-MLP,15,0.5580357142857143,0.7065217391304348,-0.09347826086956523
2,0,SAFE-MLP,20,0.6184006211180124,0.6195652173913043,-0.18043478260869572
2,0,H&S,5,0.7626164596273292,0.42391304347826086,-0.3760869565217392
2,0,H&S,8,0.7755240683229814,0.6847826086956521,-0.11521739130434794
2,0,H&S,10,0.7635869565217391,0.5434782608695652,-0.25652173913043486
2,0,H&S,15,0.7506793478260869,0.4130434782608695,-0.38695652173913053
2,0,H&S,20,0.717876552795031,0.46739130434782605,-0.332608695652174
2,0,SAFE-Embed,5,0.7211762422360248,0.967391304347826,0.167391304347826
2,0,SAFE-Embed,8,0.7426242236024845,0.9130434782608696,0.11304347826086958
2,0,SAFE-Embed,10,0.7378687888198758,1.0,0.19999999999999996
2,0,SAFE-Embed,15,0.749514751552795,0.9891304347826086,0.1891304347826086
2,0,SAFE-Embed,20,0.7574728260869565,0.9239130434782609,0.12391304347826082
2,1,SAFE-MLP,5,0.4419642857142857,0.75,-0.050000000000000044
2,1,SAFE-MLP,8,0.46506211180124224,0.7173913043478262,-0.08260869565217388
2,1,SAFE-MLP,10,0.49606948757763975,0.75,-0.050000000000000044
2,1,SAFE-MLP,15,0.5600252329192547,0.7717391304347826,-0.02826086956521745
2,1,SAFE-MLP,20,0.5822010869565217,0.7391304347826086,-0.0608695652173914
2,1,H&S,5,0.7297166149068323,0.6413043478260869,-0.15869565217391313
2,1,H&S,8,0.7149650621118012,0.5434782608695652,-0.25652173913043486
2,1,H&S,10,0.7279697204968945,0.4565217391304348,-0.34347826086956523
2,1,H&S,15,0.6831327639751553,0.5434782608695652,-0.25652173913043486
2,1,H&S,20,0.6374223602484472,0.5326086956521738,-0.2673913043478262
2,1,SAFE-Embed,5,0.7004076086956522,0.967391304347826,0.167391304347826
2,1,SAFE-Embed,8,0.7087538819875776,0.9891304347826086,0.1891304347826086
2,1,SAFE-Embed,10,0.7138004658385093,1.0,0.19999999999999996
2,1,SAFE-Embed,15,0.7396156832298136,0.8913043478260869,0.09130434782608687
2,1,SAFE-Embed,20,0.7599961180124224,0.9456521739130435,0.14565217391304341
3,0,SAFE-MLP,5,0.4423550587343691,0.7692307692307692,-0.030769230769230882
3,0,SAFE-MLP,8,0.534198560060629,0.8571428571428572,0.05714285714285716
3,0,SAFE-MLP,10,0.5501136794240242,0.8021978021978022,0.00219780219780219
3,0,SAFE-MLP,15,0.6636983705949223,0.8351648351648352,0.03516483516483515
3,0,SAFE-MLP,20,0.7118226600985221,0.8021978021978022,0.00219780219780219
3,0,H&S,5,0.6632247063281546,0.7692307692307692,-0.030769230769230882
3,0,H&S,8,0.647404319818113,0.7362637362637363,-0.06373626373626373
3,0,H&S,10,0.6572565365668814,0.6483516483516483,-0.15164835164835178
3,0,H&S,15,0.6682455475558924,0.6703296703296704,-0.12967032967032965
3,0,H&S,20,0.6594353921940129,0.7582417582417582,-0.04175824175824183
3,0,SAFE-Embed,5,0.5834596438044714,1.0,0.19999999999999996
3,0,SAFE-Embed,8,0.6176582038651004,1.0,0.19999999999999996
3,0,SAFE-Embed,10,0.6288366805608185,0.967032967032967,0.167032967032967
3,0,SAFE-Embed,15,0.6638878363016294,0.8021978021978022,0.00219780219780219
3,0,SAFE-Embed,20,0.6852974611595302,0.8021978021978022,0.00219780219780219
3,1,SAFE-MLP,5,0.5789124668435013,0.5714285714285714,-0.22857142857142865
3,1,SAFE-MLP,8,0.6291208791208791,0.7252747252747253,-0.07472527472527479
3,1,SAFE-MLP,10,0.6510989010989011,0.6153846153846154,-0.18461538461538463
3,1,SAFE-MLP,15,0.6862447896930656,0.8021978021978022,0.00219780219780219
3,1,SAFE-MLP,20,0.7075596816976127,0.8571428571428572,0.05714285714285716
3,1,H&S,5,0.6679613489958317,0.5494505494505495,-0.25054945054945055
3,1,H&S,8,0.6914550966275104,0.6153846153846154,-0.18461538461538463
3,1,H&S,10,0.6937286851079955,0.6043956043956045,-0.19560439560439558
3,1,H&S,15,0.6928760894278135,0.8021978021978022,0.00219780219780219
3,1,H&S,20,0.6747821144372869,0.6043956043956045,-0.19560439560439558
3,1,SAFE-Embed,5,0.6187002652519894,0.8791208791208791,0.07912087912087906
3,1,SAFE-Embed,8,0.6490147783251231,0.8681318681318682,0.06813186813186811
3,1,SAFE-Embed,10,0.6530882910193255,0.7472527472527473,-0.05274725274725278
3,1,SAFE-Embed,15,0.6721295945433876,0.7802197802197802,-0.01978021978021982
3,1,SAFE-Embed,20,0.6918340280409246,0.7582417582417582,-0.04175824175824183
4,0,SAFE-MLP,5,0.46994182288299935,0.7912087912087912,-0.008791208791208871
4,0,SAFE-MLP,8,0.47520546680210546,0.8241758241758241,0.02417582417582409
4,0,SAFE-MLP,10,0.47483608828146645,0.8021978021978022,0.00219780219780219
4,0,SAFE-MLP,15,0.565518515098347,0.7582417582417582,-0.04175824175824183
4,0,SAFE-MLP,20,0.6272970726752239,0.7472527472527473,-0.05274725274725278
4,0,H&S,5,0.7639671253116631,0.3516483516483516,-0.4483516483516484
4,0,H&S,8,0.7836365315356912,0.39560439560439564,-0.4043956043956044
4,0,H&S,10,0.7661833964354973,0.4505494505494505,-0.34945054945054954
4,0,H&S,15,0.7801274355896205,0.39560439560439564,-0.4043956043956044
4,0,H&S,20,0.7683996675593314,0.39560439560439564,-0.4043956043956044
4,0,SAFE-Embed,5,0.7828054298642534,0.9560439560439561,0.15604395604395604
4,0,SAFE-Embed,8,0.8028442146089205,0.9010989010989011,0.10109890109890107
4,0,SAFE-Embed,10,0.79167051435959,0.9010989010989011,0.10109890109890107
4,0,SAFE-Embed,15,0.7810508818912181,0.945054945054945,0.14505494505494498
4,0,SAFE-Embed,20,0.7868685935912827,1.0,0.19999999999999996
4,1,SAFE-MLP,5,0.5350447871456275,0.8021978021978022,0.00219780219780219
4,1,SAFE-MLP,8,0.5910056330224397,0.8021978021978022,0.00219780219780219
4,1,SAFE-MLP,10,0.5987625819558593,0.8131868131868132,0.01318681318681314
4,1,SAFE-MLP,15,0.7080986240650107,0.7912087912087912,-0.008791208791208871
4,1,SAFE-MLP,20,0.7463293009511497,0.7252747252747253,-0.07472527472527479
4,1,H&S,5,0.7199187367254594,0.5604395604395604,-0.2395604395604396
4,1,H&S,8,0.7219503185889741,0.5164835164835164,-0.2835164835164836
4,1,H&S,10,0.7205651491365777,0.5824175824175823,-0.2175824175824177
4,1,H&S,15,0.7816049496721765,0.7472527472527473,-0.05274725274725278
4,1,H&S,20,0.7726475205466802,0.6153846153846154,-0.18461538461538463
4,1,SAFE-Embed,5,0.7828054298642534,0.978021978021978,0.17802197802197794
4,1,SAFE-Embed,8,0.8122633668852156,0.8571428571428572,0.05714285714285716
4,1,SAFE-Embed,10,0.8059839320343523,0.9120879120879121,0.11208791208791202
4,1,SAFE-Embed,15,0.8011820112660448,0.9340659340659341,0.13406593406593403
4,1,SAFE-Embed,20,0.8088466155693046,0.9340659340659341,0.13406593406593403
5,0,SAFE-MLP,5,0.6281743466617417,0.8241758241758241,0.02417582417582409
5,0,SAFE-MLP,8,0.60227167790193,0.8901098901098901,0.09010989010989001
5,0,SAFE-MLP,10,0.6212946717148398,0.8571428571428572,0.05714285714285716
5,0,SAFE-MLP,15,0.6747622125773386,0.8241758241758241,0.02417582417582409
5,0,SAFE-MLP,20,0.6744851786868593,0.7032967032967032,-0.0967032967032968
5,0,H&S,5,0.6975713362267985,0.5934065934065934,-0.20659340659340664
5,0,H&S,8,0.7041278049681411,0.7252747252747253,-0.07472527472527479
5,0,H&S,10,0.6952627204728045,0.7032967032967032,-0.0967032967032968
5,0,H&S,15,0.717794810231785,0.5824175824175823,-0.2175824175824177
5,0,H&S,20,0.713269923353957,0.6043956043956045,-0.19560439560439558
5,0,SAFE-Embed,5,0.7476221257733863,0.989010989010989,0.189010989010989
5,0,SAFE-Embed,8,0.7635977467910241,0.945054945054945,0.14505494505494498
5,0,SAFE-Embed,10,0.7546403176655277,0.978021978021978,0.17802197802197794
5,0,SAFE-Embed,15,0.7476221257733863,0.9560439560439561,0.15604395604395604
5,0,SAFE-Embed,20,0.756025487117924,0.9560439560439561,0.15604395604395604
5,1,SAFE-MLP,5,0.5560993628220519,0.7032967032967032,-0.0967032967032968
5,1,SAFE-MLP,8,0.5695816788253764,0.6923076923076923,-0.10769230769230775
5,1,SAFE-MLP,10,0.5842644750207775,0.5274725274725275,-0.27252747252747256
5,1,SAFE-MLP,15,0.6466894450087728,0.7472527472527473,-0.05274725274725278
5,1,SAFE-MLP,20,0.6770708283313326,0.7912087912087912,-0.008791208791208871
5,1,H&S,5,0.706067042201496,0.5934065934065934,-0.20659340659340664
5,1,H&S,8,0.7153015052174716,0.4945054945054945,-0.3054945054945055
5,1,H&S,10,0.7293378890017546,0.5604395604395604,-0.2395604395604396
5,1,H&S,15,0.7534398374734509,0.46153846153846156,-0.3384615384615385
5,1,H&S,20,0.7420814479638009,0.6813186813186813,-0.1186813186813187
5,1,SAFE-Embed,5,0.728783821220796,0.945054945054945,0.14505494505494498
5,1,SAFE-Embed,8,0.7468833687321083,0.9120879120879121,0.11208791208791202
5,1,SAFE-Embed,10,0.743558962046357,0.9340659340659341,0.13406593406593403
5,1,SAFE-Embed,15,0.7554714193369656,0.9120879120879121,0.11208791208791202
5,1,SAFE-Embed,20,0.7627666451195863,0.945054945054945,0.14505494505494498
