fold,seed,detector,task,auroc,n
0,0,SAFE-MLP,-1,0.7733346629437575,201
0,0,SAFE-MLP,0,0.6399583766909469,62
0,0,SAFE-MLP,1,0.9088888888888889,60
0,0,SAFE-MLP,4,0.9260752688172043,79
0,0,SAFE-MLP [task-rel],-1,0.5370961308336657,201
0,0,SAFE-MLP [task-rel],0,0.43600416233090533,62
0,0,SAFE-MLP [task-rel],1,0.7811111111111111,60
0,0,SAFE-MLP [task-rel],4,0.508736559139785,79
0,0,H&S,-1,0.7352413242919824,201
0,0,H&S,0,0.5494276795005203,62
0,0,H&S,1,0.8266666666666667,60
0,0,H&S,4,0.8763440860215054,79
0,0,H&S [task-rel],-1,0.6174710809732749,201
0,0,H&S [task-rel],0,0.4255983350676379,62
0,0,H&S [task-rel],1,0.8566666666666667,60
0,0,H&S [task-rel],4,0.5752688172043011,79
0,0,SAFE-Embed,-1,0.7722377343438372,201
0,0,SAFE-Embed,0,0.7211238293444329,62
0,0,SAFE-Embed,1,0.8188888888888889,60
0,0,SAFE-Embed,4,0.855510752688172,79
0,0,SAFE-Embed [task-rel],-1,0.7708416433984843,201
0,0,SAFE-Embed [task-rel],0,0.6389177939646202,62
0,0,SAFE-Embed [task-rel],1,0.9233333333333333,60
0,0,SAFE-Embed [task-rel],4,0.8151881720430108,79
0,0,hand:cum_mean_token_entropy,-1,0.5839648982848026,201
0,0,hand:cum_mean_token_entropy,0,0.5067637877211238,62
0,0,hand:cum_mean_token_entropy,1,0.48333333333333334,60
0,0,hand:cum_mean_token_entropy,4,0.7936827956989247,79
0,0,hand:cum_mean_token_entropy [task-rel],-1,0.5666134822497009,201
0,0,hand:cum_mean_token_entropy [task-rel],0,0.5192507804370448,62
0,0,hand:cum_mean_token_entropy [task-rel],1,0.7055555555555556,60
0,0,hand:cum_mean_token_entropy [task-rel],4,0.49798387096774194,79
0,0,hand:mean_token_entropy,-1,0.5031910650179497,201
0,0,hand:mean_token_entropy,0,0.43912591050988553,62
0,0,hand:mean_token_entropy,1,0.63,60
0,0,hand:mean_token_entropy,4,0.47647849462365593,79
0,0,hand:mean_token_entropy [task-rel],-1,0.49770642201834864,201
0,0,hand:mean_token_entropy [task-rel],0,0.449531737773153,62
0,0,hand:mean_token_entropy [task-rel],1,0.6033333333333334,60
0,0,hand:mean_token_entropy [task-rel],4,0.4327956989247312,79
0,0,hand:cum_max_token_entropy,-1,0.5755883526126845,201
0,0,hand:cum_max_token_entropy,0,0.4755463059313215,62
0,0,hand:cum_max_token_entropy,1,0.44222222222222224,60
0,0,hand:cum_max_token_entropy,4,0.7956989247311828,79
0,0,hand:cum_max_token_entropy [task-rel],-1,0.45941364180295174,201
0,0,hand:cum_max_token_entropy [task-rel],0,0.36524453694068676,62
0,0,hand:cum_max_token_entropy [task-rel],1,0.66,60
0,0,hand:cum_max_token_entropy [task-rel],4,0.38306451612903225,79
0,0,hand:cum_mean_token_prob,-1,0.5526525727961707,201
0,0,hand:cum_mean_token_prob,0,0.5057232049947971,62
0,0,hand:cum_mean_token_prob,1,0.6822222222222222,60
0,0,hand:cum_mean_token_prob,4,0.4603494623655914,79
0,0,hand:cum_mean_token_prob [task-rel],-1,0.548065416832868,201
0,0,hand:cum_mean_token_prob [task-rel],0,0.5026014568158168,62
0,0,hand:cum_mean_token_prob [task-rel],1,0.6177777777777778,60
0,0,hand:cum_mean_token_prob [task-rel],4,0.5255376344086021,79
0,0,hand:cum_dpos,-1,0.49137415237335463,201
0,0,hand:cum_dpos,0,0.568678459937565,62
0,0,hand:cum_dpos,1,0.43555555555555553,60
0,0,hand:cum_dpos,4,0.4334677419354839,79
0,0,hand:cum_dpos [task-rel],-1,0.5345033905065816,201
0,0,hand:cum_dpos [task-rel],0,0.5254942767950052,62
0,0,hand:cum_dpos [task-rel],1,0.8088888888888889,60
0,0,hand:cum_dpos [task-rel],4,0.3844086021505376,79
0,0,hand:cum_drot,-1,0.4808037495013961,201
0,0,hand:cum_drot,0,0.5697190426638917,62
0,0,hand:cum_drot,1,0.3488888888888889,60
0,0,hand:cum_drot,4,0.40524193548387094,79
0,0,hand:cum_drot [task-rel],-1,0.5138611886717191,201
0,0,hand:cum_drot [task-rel],0,0.554630593132154,62
0,0,hand:cum_drot [task-rel],1,0.6933333333333334,60
0,0,hand:cum_drot [task-rel],4,0.38911290322580644,79
0,0,hand:dgripper,-1,0.5,201
0,0,hand:dgripper,0,0.5,62
0,0,hand:dgripper,1,0.5,60
0,0,hand:dgripper,4,0.5,79
0,0,hand:dgripper [task-rel],-1,0.5347526924611089,201
0,0,hand:dgripper [task-rel],0,0.5312174817898023,62
0,0,hand:dgripper [task-rel],1,0.5338888888888889,60
0,0,hand:dgripper [task-rel],4,0.5416666666666666,79
0,1,SAFE-MLP,-1,0.7843039489429597,201
0,1,SAFE-MLP,0,0.708636836628512,62
0,1,SAFE-MLP,1,0.9388888888888889,60
0,1,SAFE-MLP,4,0.9260752688172043,79
0,1,SAFE-MLP [task-rel],-1,0.5062824092540885,201
0,1,SAFE-MLP [task-rel],0,0.5900104058272633,62
0,1,SAFE-MLP [task-rel],1,0.7088888888888889,60
0,1,SAFE-MLP [task-rel],4,0.385752688172043,79
0,1,H&S,-1,0.6685281212604707,201
0,1,H&S,0,0.54630593132154,62
0,1,H&S,1,0.74,60
0,1,H&S,4,0.7432795698924731,79
0,1,H&S [task-rel],-1,0.6177702433187077,201
0,1,H&S [task-rel],0,0.5681581685744017,62
0,1,H&S [task-rel],1,0.7677777777777778,60
0,1,H&S [task-rel],4,0.5497311827956989,79
0,1,SAFE-Embed,-1,0.7680494615077782,201
0,1,SAFE-Embed,0,0.7232049947970863,62
0,1,SAFE-Embed,1,0.8011111111111111,60
0,1,SAFE-Embed,4,0.8366935483870968,79
0,1,SAFE-Embed [task-rel],-1,0.7815117670522537,201
0,1,SAFE-Embed [task-rel],0,0.6618106139438086,62
0,1,SAFE-Embed [task-rel],1,0.9166666666666666,60
0,1,SAFE-Embed [task-rel],4,0.8487903225806451,79
0,1,hand:cum_mean_token_entropy,-1,0.5839648982848026,201
0,1,hand:cum_mean_token_entropy,0,0.5067637877211238,62
0,1,hand:cum_mean_token_entropy,1,0.48333333333333334,60
0,1,hand:cum_mean_token_entropy,4,0.7936827956989247,79
0,1,hand:cum_mean_token_entropy [task-rel],-1,0.5666134822497009,201
0,1,hand:cum_mean_token_entropy [task-rel],0,0.5192507804370448,62
0,1,hand:cum_mean_token_entropy [task-rel],1,0.7055555555555556,60
0,1,hand:cum_mean_token_entropy [task-rel],4,0.49798387096774194,79
0,1,hand:mean_token_entropy,-1,0.4094535301156761,201
0,1,hand:mean_token_entropy,0,0.5067637877211238,62
0,1,hand:mean_token_entropy,1,0.5644444444444444,60
0,1,hand:mean_token_entropy,4,0.17876344086021506,79
0,1,hand:mean_token_entropy [task-rel],-1,0.4762664539289988,201
0,1,hand:mean_token_entropy [task-rel],0,0.47762747138397504,62
0,1,hand:mean_token_entropy [task-rel],1,0.4666666666666667,60
0,1,hand:mean_token_entropy [task-rel],4,0.4825268817204301,79
0,1,hand:cum_max_token_entropy,-1,0.5755883526126845,201
0,1,hand:cum_max_token_entropy,0,0.4755463059313215,62
0,1,hand:cum_max_token_entropy,1,0.44222222222222224,60
0,1,hand:cum_max_token_entropy,4,0.7956989247311828,79
0,1,hand:cum_max_token_entropy [task-rel],-1,0.45941364180295174,201
0,1,hand:cum_max_token_entropy [task-rel],0,0.36524453694068676,62
0,1,hand:cum_max_token_entropy [task-rel],1,0.66,60
0,1,hand:cum_max_token_entropy [task-rel],4,0.38306451612903225,79
0,1,hand:cum_mean_token_prob,-1,0.5526525727961707,201
0,1,hand:cum_mean_token_prob,0,0.5057232049947971,62
0,1,hand:cum_mean_token_prob,1,0.6822222222222222,60
0,1,hand:cum_mean_token_prob,4,0.4603494623655914,79
0,1,hand:cum_mean_token_prob [task-rel],-1,0.548065416832868,201
0,1,hand:cum_mean_token_prob [task-rel],0,0.5026014568158168,62
0,1,hand:cum_mean_token_prob [task-rel],1,0.6177777777777778,60
0,1,hand:cum_mean_token_prob [task-rel],4,0.5255376344086021,79
0,1,hand:cum_dpos,-1,0.49137415237335463,201
0,1,hand:cum_dpos,0,0.568678459937565,62
0,1,hand:cum_dpos,1,0.43555555555555553,60
0,1,hand:cum_dpos,4,0.4334677419354839,79
0,1,hand:cum_dpos [task-rel],-1,0.5345033905065816,201
0,1,hand:cum_dpos [task-rel],0,0.5254942767950052,62
0,1,hand:cum_dpos [task-rel],1,0.8088888888888889,60
0,1,hand:cum_dpos [task-rel],4,0.3844086021505376,79
0,1,hand:cum_drot,-1,0.5997207818109294,201
0,1,hand:cum_drot,0,0.5379812695109261,62
0,1,hand:cum_drot,1,0.7077777777777777,60
0,1,hand:cum_drot,4,0.739247311827957,79
0,1,hand:cum_drot [task-rel],-1,0.5611288392500997,201
0,1,hand:cum_drot [task-rel],0,0.6462018730489074,62
0,1,hand:cum_drot [task-rel],1,0.5077777777777778,60
0,1,hand:cum_drot [task-rel],4,0.5645161290322581,79
0,1,hand:dgripper,-1,0.4908256880733945,201
0,1,hand:dgripper,0,0.46774193548387094,62
0,1,hand:dgripper,1,0.5,60
0,1,hand:dgripper,4,0.5,79
0,1,hand:dgripper [task-rel],-1,0.47960710011966495,201
0,1,hand:dgripper [task-rel],0,0.43912591050988553,62
0,1,hand:dgripper [task-rel],1,0.49944444444444447,60
0,1,hand:dgripper [task-rel],4,0.5100806451612904,79
1,0,SAFE-MLP,-1,0.714763497372193,183
1,0,SAFE-MLP,0,0.7419354838709677,62
1,0,SAFE-MLP,3,0.7377777777777778,60
1,0,SAFE-MLP,7,0.9903225806451613,61
1,0,SAFE-MLP [task-rel],-1,0.6002150023889155,183
1,0,SAFE-MLP [task-rel],0,0.5026014568158168,62
1,0,SAFE-MLP [task-rel],3,0.7255555555555555,60
1,0,SAFE-MLP [task-rel],7,0.6053763440860215,61
1,0,H&S,-1,0.668179646440516,183
1,0,H&S,0,0.6087408949011447,62
1,0,H&S,3,0.47444444444444445,60
1,0,H&S,7,0.9311827956989247,61
1,0,H&S [task-rel],-1,0.615145723841376,183
1,0,H&S [task-rel],0,0.5598335067637877,62
1,0,H&S [task-rel],3,0.47444444444444445,60
1,0,H&S [task-rel],7,0.8064516129032258,61
1,0,SAFE-Embed,-1,0.6573100812231247,183
1,0,SAFE-Embed,0,0.7908428720083247,62
1,0,SAFE-Embed,3,0.29444444444444445,60
1,0,SAFE-Embed,7,0.9709677419354839,61
1,0,SAFE-Embed [task-rel],-1,0.608337314859054,183
1,0,SAFE-Embed [task-rel],0,0.6971904266389178,62
1,0,SAFE-Embed [task-rel],3,0.41333333333333333,60
1,0,SAFE-Embed [task-rel],7,0.9150537634408602,61
1,0,hand:cum_mean_token_entropy,-1,0.5520783564261825,183
1,0,hand:cum_mean_token_entropy,0,0.5067637877211238,62
1,0,hand:cum_mean_token_entropy,3,0.5277777777777778,60
1,0,hand:cum_mean_token_entropy,7,0.6258064516129033,61
1,0,hand:cum_mean_token_entropy [task-rel],-1,0.5418060200668896,183
1,0,hand:cum_mean_token_entropy [task-rel],0,0.5192507804370448,62
1,0,hand:cum_mean_token_entropy [task-rel],3,0.61,60
1,0,hand:cum_mean_token_entropy [task-rel],7,0.4913978494623656,61
1,0,hand:mean_token_entropy,-1,0.3843764930721452,183
1,0,hand:mean_token_entropy,0,0.43912591050988553,62
1,0,hand:mean_token_entropy,3,0.2822222222222222,60
1,0,hand:mean_token_entropy,7,0.3817204301075269,61
1,0,hand:mean_token_entropy [task-rel],-1,0.407190635451505,183
1,0,hand:mean_token_entropy [task-rel],0,0.449531737773153,62
1,0,hand:mean_token_entropy [task-rel],3,0.39222222222222225,60
1,0,hand:mean_token_entropy [task-rel],7,0.3688172043010753,61
1,0,hand:cum_max_token_entropy,-1,0.59089823220258,183
1,0,hand:cum_max_token_entropy,0,0.4755463059313215,62
1,0,hand:cum_max_token_entropy,3,0.7866666666666666,60
1,0,hand:cum_max_token_entropy,7,0.5333333333333333,61
1,0,hand:cum_max_token_entropy [task-rel],-1,0.5381032011466794,183
1,0,hand:cum_max_token_entropy [task-rel],0,0.36524453694068676,62
1,0,hand:cum_max_token_entropy [task-rel],3,0.6977777777777778,60
1,0,hand:cum_max_token_entropy [task-rel],7,0.5344086021505376,61
1,0,hand:cum_mean_token_prob,-1,0.4267797419971333,183
1,0,hand:cum_mean_token_prob,0,0.5057232049947971,62
1,0,hand:cum_mean_token_prob,3,0.3466666666666667,60
1,0,hand:cum_mean_token_prob,7,0.4118279569892473,61
1,0,hand:cum_mean_token_prob [task-rel],-1,0.5047778308647873,183
1,0,hand:cum_mean_token_prob [task-rel],0,0.5026014568158168,62
1,0,hand:cum_mean_token_prob [task-rel],3,0.54,60
1,0,hand:cum_mean_token_prob [task-rel],7,0.4645161290322581,61
1,0,hand:cum_dpos,-1,0.3792403248924988,183
1,0,hand:cum_dpos,0,0.3267429760665973,62
1,0,hand:cum_dpos,3,0.21222222222222223,60
1,0,hand:cum_dpos,7,0.4731182795698925,61
1,0,hand:cum_dpos [task-rel],-1,0.5258002866698519,183
1,0,hand:cum_dpos [task-rel],0,0.4547346514047867,62
1,0,hand:cum_dpos [task-rel],3,0.6444444444444445,60
1,0,hand:cum_dpos [task-rel],7,0.4483870967741935,61
1,0,hand:cum_drot,-1,0.49713330148112755,183
1,0,hand:cum_drot,0,0.5379812695109261,62
1,0,hand:cum_drot,3,0.3022222222222222,60
1,0,hand:cum_drot,7,0.5989247311827957,61
1,0,hand:cum_drot [task-rel],-1,0.575011944577162,183
1,0,hand:cum_drot [task-rel],0,0.6462018730489074,62
1,0,hand:cum_drot [task-rel],3,0.6811111111111111,60
1,0,hand:cum_drot [task-rel],7,0.3247311827956989,61
1,0,hand:dgripper,-1,0.5,183
1,0,hand:dgripper,0,0.5,62
1,0,hand:dgripper,3,0.5,60
1,0,hand:dgripper,7,0.5,61
1,0,hand:dgripper [task-rel],-1,0.5080625895843287,183
1,0,hand:dgripper [task-rel],0,0.5312174817898023,62
1,0,hand:dgripper [task-rel],3,0.5166666666666667,60
1,0,hand:dgripper [task-rel],7,0.4838709677419355,61
1,1,SAFE-MLP,-1,0.7145246058289536,183
1,1,SAFE-MLP,0,0.7793964620187305,62
1,1,SAFE-MLP,3,0.7888888888888889,60
1,1,SAFE-MLP,7,0.978494623655914,61
1,1,SAFE-MLP [task-rel],-1,0.5971094123268036,183
1,1,SAFE-MLP [task-rel],0,0.46826222684703434,62
1,1,SAFE-MLP [task-rel],3,0.6811111111111111,60
1,1,SAFE-MLP [task-rel],7,0.6774193548387096,61
1,1,H&S,-1,0.6266125179168658,183
1,1,H&S,0,0.5639958376690947,62
1,1,H&S,3,0.42444444444444446,60
1,1,H&S,7,0.921505376344086,61
1,1,H&S [task-rel],-1,0.590181557572862,183
1,1,H&S [task-rel],0,0.5130072840790842,62
1,1,H&S [task-rel],3,0.4088888888888889,60
1,1,H&S [task-rel],7,0.8741935483870967,61
1,1,SAFE-Embed,-1,0.6372431915910177,183
1,1,SAFE-Embed,0,0.7700312174817898,62
1,1,SAFE-Embed,3,0.2788888888888889,60
1,1,SAFE-Embed,7,0.967741935483871,61
1,1,SAFE-Embed [task-rel],-1,0.5870759675107501,183
1,1,SAFE-Embed [task-rel],0,0.659729448491155,62
1,1,SAFE-Embed [task-rel],3,0.4111111111111111,60
1,1,SAFE-Embed [task-rel],7,0.8817204301075269,61
1,1,hand:cum_mean_token_entropy,-1,0.5520783564261825,183
1,1,hand:cum_mean_token_entropy,0,0.5067637877211238,62
1,1,hand:cum_mean_token_entropy,3,0.5277777777777778,60
1,1,hand:cum_mean_token_entropy,7,0.6258064516129033,61
1,1,hand:cum_mean_token_entropy [task-rel],-1,0.5418060200668896,183
1,1,hand:cum_mean_token_entropy [task-rel],0,0.5192507804370448,62
1,1,hand:cum_mean_token_entropy [task-rel],3,0.61,60
1,1,hand:cum_mean_token_entropy [task-rel],7,0.4913978494623656,61
1,1,hand:mean_token_entropy,-1,0.3843764930721452,183
1,1,hand:mean_token_entropy,0,0.43912591050988553,62
1,1,hand:mean_token_entropy,3,0.2822222222222222,60
1,1,hand:mean_token_entropy,7,0.3817204301075269,61
1,1,hand:mean_token_entropy [task-rel],-1,0.407190635451505,183
1,1,hand:mean_token_entropy [task-rel],0,0.449531737773153,62
1,1,hand:mean_token_entropy [task-rel],3,0.39222222222222225,60
1,1,hand:mean_token_entropy [task-rel],7,0.3688172043010753,61
1,1,hand:cum_max_token_entropy,-1,0.59089823220258,183
1,1,hand:cum_max_token_entropy,0,0.4755463059313215,62
1,1,hand:cum_max_token_entropy,3,0.7866666666666666,60
1,1,hand:cum_max_token_entropy,7,0.5333333333333333,61
1,1,hand:cum_max_token_entropy [task-rel],-1,0.5381032011466794,183
1,1,hand:cum_max_token_entropy [task-rel],0,0.36524453694068676,62
1,1,hand:cum_max_token_entropy [task-rel],3,0.6977777777777778,60
1,1,hand:cum_max_token_entropy [task-rel],7,0.5344086021505376,61
1,1,hand:cum_mean_token_prob,-1,0.4267797419971333,183
1,1,hand:cum_mean_token_prob,0,0.5057232049947971,62
1,1,hand:cum_mean_token_prob,3,0.3466666666666667,60
1,1,hand:cum_mean_token_prob,7,0.4118279569892473,61
1,1,hand:cum_mean_token_prob [task-rel],-1,0.5047778308647873,183
1,1,hand:cum_mean_token_prob [task-rel],0,0.5026014568158168,62
1,1,hand:cum_mean_token_prob [task-rel],3,0.54,60
1,1,hand:cum_mean_token_prob [task-rel],7,0.4645161290322581,61
1,1,hand:cum_dpos,-1,0.3792403248924988,183
1,1,hand:cum_dpos,0,0.3267429760665973,62
1,1,hand:cum_dpos,3,0.21222222222222223,60
1,1,hand:cum_dpos,7,0.4731182795698925,61
1,1,hand:cum_dpos [task-rel],-1,0.5258002866698519,183
1,1,hand:cum_dpos [task-rel],0,0.4547346514047867,62
1,1,hand:cum_dpos [task-rel],3,0.6444444444444445,60
1,1,hand:cum_dpos [task-rel],7,0.4483870967741935,61
1,1,hand:cum_drot,-1,0.49713330148112755,183
1,1,hand:cum_drot,0,0.5379812695109261,62
1,1,hand:cum_drot,3,0.3022222222222222,60
1,1,hand:cum_drot,7,0.5989247311827957,61
1,1,hand:cum_drot [task-rel],-1,0.575011944577162,183
1,1,hand:cum_drot [task-rel],0,0.6462018730489074,62
1,1,hand:cum_drot [task-rel],3,0.6811111111111111,60
1,1,hand:cum_drot [task-rel],7,0.3247311827956989,61
1,1,hand:dgripper,-1,0.38461538461538464,183
1,1,hand:dgripper,0,0.46774193548387094,62
1,1,hand:dgripper,3,0.23333333333333334,60
1,1,hand:dgripper,7,0.45,61
1,1,hand:dgripper [task-rel],-1,0.3813903487816531,183
1,1,hand:dgripper [task-rel],0,0.43912591050988553,62
1,1,hand:dgripper [task-rel],3,0.22555555555555556,60
1,1,hand:dgripper [task-rel],7,0.4645161290322581,61
2,0,SAFE-MLP,-1,0.7993982919254659,204
2,0,SAFE-MLP,0,0.6451612903225806,62
2,0,SAFE-MLP,4,0.8702956989247311,79
2,0,SAFE-MLP,6,0.8646464646464647,63
2,0,SAFE-MLP [task-rel],-1,0.5049495341614907,204
2,0,SAFE-MLP [task-rel],0,0.4068678459937565,62
2,0,SAFE-MLP [task-rel],4,0.4986559139784946,79
2,0,SAFE-MLP [task-rel],6,0.6151515151515151,63
2,0,H&S,-1,0.8339479813664596,204
2,0,H&S,0,0.6888657648283039,62
2,0,H&S,4,0.894489247311828,79
2,0,H&S,6,0.9,63
2,0,H&S [task-rel],-1,0.7635869565217391,204
2,0,H&S [task-rel],0,0.5764828303850156,62
2,0,H&S [task-rel],4,0.790994623655914,79
2,0,H&S [task-rel],6,0.8717171717171717,63
2,0,SAFE-Embed,-1,0.7860054347826086,204
2,0,SAFE-Embed,0,0.72840790842872,62
2,0,SAFE-Embed,4,0.8118279569892473,79
2,0,SAFE-Embed,6,0.8565656565656565,63
2,0,SAFE-Embed [task-rel],-1,0.7378687888198758,204
2,0,SAFE-Embed [task-rel],0,0.668054110301769,62
2,0,SAFE-Embed [task-rel],4,0.7876344086021505,79
2,0,SAFE-Embed [task-rel],6,0.8595959595959596,63
2,0,hand:cum_mean_token_entropy,-1,0.6657608695652174,204
2,0,hand:cum_mean_token_entropy,0,0.5067637877211238,62
2,0,hand:cum_mean_token_entropy,4,0.7936827956989247,79
2,0,hand:cum_mean_token_entropy,6,0.7070707070707071,63
2,0,hand:cum_mean_token_entropy [task-rel],-1,0.5461956521739131,204
2,0,hand:cum_mean_token_entropy [task-rel],0,0.5192507804370448,62
2,0,hand:cum_mean_token_entropy [task-rel],4,0.49798387096774194,79
2,0,hand:cum_mean_token_entropy [task-rel],6,0.6232323232323232,63
2,0,hand:mean_token_entropy,-1,0.31948757763975155,204
2,0,hand:mean_token_entropy,0,0.5067637877211238,62
2,0,hand:mean_token_entropy,4,0.17876344086021506,79
2,0,hand:mean_token_entropy,6,0.2676767676767677,63
2,0,hand:mean_token_entropy [task-rel],-1,0.4746700310559006,204
2,0,hand:mean_token_entropy [task-rel],0,0.47762747138397504,62
2,0,hand:mean_token_entropy [task-rel],4,0.4825268817204301,79
2,0,hand:mean_token_entropy [task-rel],6,0.4727272727272727,63
2,0,hand:cum_max_token_entropy,-1,0.6463509316770186,204
2,0,hand:cum_max_token_entropy,0,0.4755463059313215,62
2,0,hand:cum_max_token_entropy,4,0.7956989247311828,79
2,0,hand:cum_max_token_entropy,6,0.6626262626262627,63
2,0,hand:cum_max_token_entropy [task-rel],-1,0.4796195652173913,204
2,0,hand:cum_max_token_entropy [task-rel],0,0.36524453694068676,62
2,0,hand:cum_max_token_entropy [task-rel],4,0.38306451612903225,79
2,0,hand:cum_max_token_entropy [task-rel],6,0.705050505050505,63
2,0,hand:cum_mean_token_prob,-1,0.4739906832298137,204
2,0,hand:cum_mean_token_prob,0,0.5057232049947971,62
2,0,hand:cum_mean_token_prob,4,0.4603494623655914,79
2,0,hand:cum_mean_token_prob,6,0.4161616161616162,63
2,0,hand:cum_mean_token_prob [task-rel],-1,0.5591032608695652,204
2,0,hand:cum_mean_token_prob [task-rel],0,0.5026014568158168,62
2,0,hand:cum_mean_token_prob [task-rel],4,0.5255376344086021,79
2,0,hand:cum_mean_token_prob [task-rel],6,0.6595959595959596,63
2,0,hand:cum_dpos,-1,0.508394798136646,204
2,0,hand:cum_dpos,0,0.568678459937565,62
2,0,hand:cum_dpos,4,0.4334677419354839,79
2,0,hand:cum_dpos,6,0.5161616161616162,63
2,0,hand:cum_dpos [task-rel],-1,0.4237189440993789,204
2,0,hand:cum_dpos [task-rel],0,0.5254942767950052,62
2,0,hand:cum_dpos [task-rel],4,0.3844086021505376,79
2,0,hand:cum_dpos [task-rel],6,0.3838383838383838,63
2,0,hand:cum_drot,-1,0.6085986024844721,204
2,0,hand:cum_drot,0,0.5379812695109261,62
2,0,hand:cum_drot,4,0.739247311827957,79
2,0,hand:cum_drot,6,0.6,63
2,0,hand:cum_drot [task-rel],-1,0.531735248447205,204
2,0,hand:cum_drot [task-rel],0,0.6462018730489074,62
2,0,hand:cum_drot [task-rel],4,0.5645161290322581,79
2,0,hand:cum_drot [task-rel],6,0.4111111111111111,63
2,0,hand:dgripper,-1,0.48214285714285715,204
2,0,hand:dgripper,0,0.46774193548387094,62
2,0,hand:dgripper,4,0.5,79
2,0,hand:dgripper,6,0.4696969696969697,63
2,0,hand:dgripper [task-rel],-1,0.476271350931677,204
2,0,hand:dgripper [task-rel],0,0.43912591050988553,62
2,0,hand:dgripper [task-rel],4,0.5100806451612904,79
2,0,hand:dgripper [task-rel],6,0.48535353535353537,63
2,1,SAFE-MLP,-1,0.7961956521739131,204
2,1,SAFE-MLP,0,0.6867845993756504,62
2,1,SAFE-MLP,4,0.8897849462365591,79
2,1,SAFE-MLP,6,0.9181818181818182,63
2,1,SAFE-MLP [task-rel],-1,0.49606948757763975,204
2,1,SAFE-MLP [task-rel],0,0.39438085327783556,62
2,1,SAFE-MLP [task-rel],4,0.5131048387096774,79
2,1,SAFE-MLP [task-rel],6,0.6494949494949495,63
2,1,H&S,-1,0.7792119565217391,204
2,1,H&S,0,0.6139438085327783,62
2,1,H&S,4,0.8293010752688172,79
2,1,H&S,6,0.8575757575757575,63
2,1,H&S [task-rel],-1,0.7279697204968945,204
2,1,H&S [task-rel],0,0.5390218522372529,62
2,1,H&S [task-rel],4,0.7405913978494624,79
2,1,H&S [task-rel],6,0.8616161616161616,63
2,1,SAFE-Embed,-1,0.7926048136645962,204
2,1,SAFE-Embed,0,0.7544224765868887,62
2,1,SAFE-Embed,4,0.7688172043010753,79
2,1,SAFE-Embed,6,0.8747474747474747,63
2,1,SAFE-Embed [task-rel],-1,0.7138004658385093,204
2,1,SAFE-Embed [task-rel],0,0.6795005202913632,62
2,1,SAFE-Embed [task-rel],4,0.7345430107526881,79
2,1,SAFE-Embed [task-rel],6,0.8515151515151516,63
2,1,hand:cum_mean_token_entropy,-1,0.5225155279503105,204
2,1,hand:cum_mean_token_entropy,0,0.5150884495317378,62
2,1,hand:cum_mean_token_entropy,4,0.543010752688172,79
2,1,hand:cum_mean_token_entropy,6,0.5545454545454546,63
2,1,hand:cum_mean_token_entropy [task-rel],-1,0.36587732919254656,204
2,1,hand:cum_mean_token_entropy [task-rel],0,0.4172736732570239,62
2,1,hand:cum_mean_token_entropy [task-rel],4,0.25201612903225806,79
2,1,hand:cum_mean_token_entropy [task-rel],6,0.3747474747474748,63
2,1,hand:mean_token_entropy,-1,0.31948757763975155,204
2,1,hand:mean_token_entropy,0,0.5067637877211238,62
2,1,hand:mean_token_entropy,4,0.17876344086021506,79
2,1,hand:mean_token_entropy,6,0.2676767676767677,63
2,1,hand:mean_token_entropy [task-rel],-1,0.4746700310559006,204
2,1,hand:mean_token_entropy [task-rel],0,0.47762747138397504,62
2,1,hand:mean_token_entropy [task-rel],4,0.4825268817204301,79
2,1,hand:mean_token_entropy [task-rel],6,0.4727272727272727,63
2,1,hand:cum_max_token_entropy,-1,0.6463509316770186,204
2,1,hand:cum_max_token_entropy,0,0.4755463059313215,62
2,1,hand:cum_max_token_entropy,4,0.7956989247311828,79
2,1,hand:cum_max_token_entropy,6,0.6626262626262627,63
2,1,hand:cum_max_token_entropy [task-rel],-1,0.4796195652173913,204
2,1,hand:cum_max_token_entropy [task-rel],0,0.36524453694068676,62
2,1,hand:cum_max_token_entropy [task-rel],4,0.38306451612903225,79
2,1,hand:cum_max_token_entropy [task-rel],6,0.705050505050505,63
2,1,hand:cum_mean_token_prob,-1,0.36985636645962733,204
2,1,hand:cum_mean_token_prob,0,0.5015608740894901,62
2,1,hand:cum_mean_token_prob,4,0.25336021505376344,79
2,1,hand:cum_mean_token_prob,6,0.3474747474747475,63
2,1,hand:cum_mean_token_prob [task-rel],-1,0.3692740683229814,204
2,1,hand:cum_mean_token_prob [task-rel],0,0.4162330905306972,62
2,1,hand:cum_mean_token_prob [task-rel],4,0.2614247311827957,79
2,1,hand:cum_mean_token_prob [task-rel],6,0.3888888888888889,63
2,1,hand:cum_dpos,-1,0.508394798136646,204
2,1,hand:cum_dpos,0,0.568678459937565,62
2,1,hand:cum_dpos,4,0.4334677419354839,79
2,1,hand:cum_dpos,6,0.5161616161616162,63
2,1,hand:cum_dpos [task-rel],-1,0.4237189440993789,204
2,1,hand:cum_dpos [task-rel],0,0.5254942767950052,62
2,1,hand:cum_dpos [task-rel],4,0.3844086021505376,79
2,1,hand:cum_dpos [task-rel],6,0.3838383838383838,63
2,1,hand:cum_drot,-1,0.5186335403726708,204
2,1,hand:cum_drot,0,0.5697190426638917,62
2,1,hand:cum_drot,4,0.40524193548387094,79
2,1,hand:cum_drot,6,0.5383838383838384,63
2,1,hand:cum_drot [task-rel],-1,0.43982919254658387,204
2,1,hand:cum_drot [task-rel],0,0.554630593132154,62
2,1,hand:cum_drot [task-rel],4,0.38911290322580644,79
2,1,hand:cum_drot [task-rel],6,0.43434343434343436,63
2,1,hand:dgripper,-1,0.5,204
2,1,hand:dgripper,0,0.5,62
2,1,hand:dgripper,4,0.5,79
2,1,hand:dgripper,6,0.5,63
2,1,hand:dgripper [task-rel],-1,0.5173233695652174,204
2,1,hand:dgripper [task-rel],0,0.5312174817898023,62
2,1,hand:dgripper [task-rel],4,0.5416666666666666,79
2,1,hand:dgripper [task-rel],6,0.48333333333333334,63
3,0,SAFE-MLP,-1,0.8488063660477454,207
3,0,SAFE-MLP,1,0.8966666666666666,60
3,0,SAFE-MLP,3,0.8577777777777778,60
3,0,SAFE-MLP,5,0.8859447004608295,87
3,0,SAFE-MLP [task-rel],-1,0.5501136794240242,207
3,0,SAFE-MLP [task-rel],1,0.6722222222222223,60
3,0,SAFE-MLP [task-rel],3,0.54,60
3,0,SAFE-MLP [task-rel],5,0.597926267281106,87
3,0,H&S,-1,0.6720348616900341,207
3,0,H&S,1,0.8033333333333333,60
3,0,H&S,3,0.38333333333333336,60
3,0,H&S,5,0.7788018433179723,87
3,0,H&S [task-rel],-1,0.6572565365668814,207
3,0,H&S [task-rel],1,0.7955555555555556,60
3,0,H&S [task-rel],3,0.3844444444444444,60
3,0,H&S [task-rel],5,0.7569124423963134,87
3,0,SAFE-Embed,-1,0.5875331564986738,207
3,0,SAFE-Embed,1,0.78,60
3,0,SAFE-Embed,3,0.24444444444444444,60
3,0,SAFE-Embed,5,0.7880184331797235,87
3,0,SAFE-Embed [task-rel],-1,0.6288366805608185,207
3,0,SAFE-Embed [task-rel],1,0.9322222222222222,60
3,0,SAFE-Embed [task-rel],3,0.39222222222222225,60
3,0,SAFE-Embed [task-rel],5,0.6837557603686636,87
3,0,hand:cum_mean_token_entropy,-1,0.5388404698749526,207
3,0,hand:cum_mean_token_entropy,1,0.48333333333333334,60
3,0,hand:cum_mean_token_entropy,3,0.5277777777777778,60
3,0,hand:cum_mean_token_entropy,5,0.6036866359447005,87
3,0,hand:cum_mean_token_entropy [task-rel],-1,0.6274156877605154,207
3,0,hand:cum_mean_token_entropy [task-rel],1,0.7055555555555556,60
3,0,hand:cum_mean_token_entropy [task-rel],3,0.61,60
3,0,hand:cum_mean_token_entropy [task-rel],5,0.5858294930875576,87
3,0,hand:mean_token_entropy,-1,0.4154035619552861,207
3,0,hand:mean_token_entropy,1,0.5644444444444444,60
3,0,hand:mean_token_entropy,3,0.29555555555555557,60
3,0,hand:mean_token_entropy,5,0.40610599078341014,87
3,0,hand:mean_token_entropy [task-rel],-1,0.48455854490337247,207
3,0,hand:mean_token_entropy [task-rel],1,0.4666666666666667,60
3,0,hand:mean_token_entropy [task-rel],3,0.4722222222222222,60
3,0,hand:mean_token_entropy [task-rel],5,0.4815668202764977,87
3,0,hand:cum_max_token_entropy,-1,0.6006062902614627,207
3,0,hand:cum_max_token_entropy,1,0.44222222222222224,60
3,0,hand:cum_max_token_entropy,3,0.7866666666666666,60
3,0,hand:cum_max_token_entropy,5,0.5472350230414746,87
3,0,hand:cum_max_token_entropy [task-rel],-1,0.6214475179992421,207
3,0,hand:cum_max_token_entropy [task-rel],1,0.66,60
3,0,hand:cum_max_token_entropy [task-rel],3,0.6977777777777778,60
3,0,hand:cum_max_token_entropy [task-rel],5,0.5155529953917051,87
3,0,hand:cum_mean_token_prob,-1,0.5012315270935961,207
3,0,hand:cum_mean_token_prob,1,0.6822222222222222,60
3,0,hand:cum_mean_token_prob,3,0.3466666666666667,60
3,0,hand:cum_mean_token_prob,5,0.4890552995391705,87
3,0,hand:cum_mean_token_prob [task-rel],-1,0.579196665403562,207
3,0,hand:cum_mean_token_prob [task-rel],1,0.6177777777777778,60
3,0,hand:cum_mean_token_prob [task-rel],3,0.54,60
3,0,hand:cum_mean_token_prob [task-rel],5,0.5662442396313364,87
3,0,hand:cum_dpos,-1,0.5331091322470632,207
3,0,hand:cum_dpos,1,0.43555555555555553,60
3,0,hand:cum_dpos,3,0.6583333333333333,60
3,0,hand:cum_dpos,5,0.48934331797235026,87
3,0,hand:cum_dpos [task-rel],-1,0.5082417582417582,207
3,0,hand:cum_dpos [task-rel],1,0.8088888888888889,60
3,0,hand:cum_dpos [task-rel],3,0.23444444444444446,60
3,0,hand:cum_dpos [task-rel],5,0.5380184331797235,87
3,0,hand:cum_drot,-1,0.5202728306176582,207
3,0,hand:cum_drot,1,0.7077777777777777,60
3,0,hand:cum_drot,3,0.3022222222222222,60
3,0,hand:cum_drot,5,0.5374423963133641,87
3,0,hand:cum_drot [task-rel],-1,0.5795755968169761,207
3,0,hand:cum_drot [task-rel],1,0.5077777777777778,60
3,0,hand:cum_drot [task-rel],3,0.6811111111111111,60
3,0,hand:cum_drot [task-rel],5,0.506336405529954,87
3,0,hand:dgripper,-1,0.3793103448275862,207
3,0,hand:dgripper,1,0.5,60
3,0,hand:dgripper,3,0.23333333333333334,60
3,0,hand:dgripper,5,0.39285714285714285,87
3,0,hand:dgripper [task-rel],-1,0.37556839712012124,207
3,0,hand:dgripper [task-rel],1,0.49944444444444447,60
3,0,hand:dgripper [task-rel],3,0.22555555555555556,60
3,0,hand:dgripper [task-rel],5,0.39285714285714285,87
3,1,SAFE-MLP,-1,0.8004926108374384,207
3,1,SAFE-MLP,1,0.9377777777777778,60
3,1,SAFE-MLP,3,0.6277777777777778,60
3,1,SAFE-MLP,5,0.8928571428571429,87
3,1,SAFE-MLP [task-rel],-1,0.6510989010989011,207
3,1,SAFE-MLP [task-rel],1,0.5333333333333333,60
3,1,SAFE-MLP [task-rel],3,0.6744444444444444,60
3,1,SAFE-MLP [task-rel],5,0.6877880184331797,87
3,1,H&S,-1,0.6863395225464191,207
3,1,H&S,1,0.8266666666666667,60
3,1,H&S,3,0.4777777777777778,60
3,1,H&S,5,0.7275345622119815,87
3,1,H&S [task-rel],-1,0.6937286851079955,207
3,1,H&S [task-rel],1,0.8166666666666667,60
3,1,H&S [task-rel],3,0.4911111111111111,60
3,1,H&S [task-rel],5,0.7275345622119815,87
3,1,SAFE-Embed,-1,0.6092269799166351,207
3,1,SAFE-Embed,1,0.7644444444444445,60
3,1,SAFE-Embed,3,0.2733333333333333,60
3,1,SAFE-Embed,5,0.8237327188940092,87
3,1,SAFE-Embed [task-rel],-1,0.6530882910193255,207
3,1,SAFE-Embed [task-rel],1,0.9211111111111111,60
3,1,SAFE-Embed [task-rel],3,0.4411111111111111,60
3,1,SAFE-Embed [task-rel],5,0.6883640552995391,87
3,1,hand:cum_mean_token_entropy,-1,0.5388404698749526,207
3,1,hand:cum_mean_token_entropy,1,0.48333333333333334,60
3,1,hand:cum_mean_token_entropy,3,0.5277777777777778,60
3,1,hand:cum_mean_token_entropy,5,0.6036866359447005,87
3,1,hand:cum_mean_token_entropy [task-rel],-1,0.6274156877605154,207
3,1,hand:cum_mean_token_entropy [task-rel],1,0.7055555555555556,60
3,1,hand:cum_mean_token_entropy [task-rel],3,0.61,60
3,1,hand:cum_mean_token_entropy [task-rel],5,0.5858294930875576,87
3,1,hand:mean_token_entropy,-1,0.4154035619552861,207
3,1,hand:mean_token_entropy,1,0.5644444444444444,60
3,1,hand:mean_token_entropy,3,0.29555555555555557,60
3,1,hand:mean_token_entropy,5,0.40610599078341014,87
3,1,hand:mean_token_entropy [task-rel],-1,0.48455854490337247,207
3,1,hand:mean_token_entropy [task-rel],1,0.4666666666666667,60
3,1,hand:mean_token_entropy [task-rel],3,0.4722222222222222,60
3,1,hand:mean_token_entropy [task-rel],5,0.4815668202764977,87
3,1,hand:cum_max_token_entropy,-1,0.6006062902614627,207
3,1,hand:cum_max_token_entropy,1,0.44222222222222224,60
3,1,hand:cum_max_token_entropy,3,0.7866666666666666,60
3,1,hand:cum_max_token_entropy,5,0.5472350230414746,87
3,1,hand:cum_max_token_entropy [task-rel],-1,0.6214475179992421,207
3,1,hand:cum_max_token_entropy [task-rel],1,0.66,60
3,1,hand:cum_max_token_entropy [task-rel],3,0.6977777777777778,60
3,1,hand:cum_max_token_entropy [task-rel],5,0.5155529953917051,87
3,1,hand:cum_mean_token_prob,-1,0.5012315270935961,207
3,1,hand:cum_mean_token_prob,1,0.6822222222222222,60
3,1,hand:cum_mean_token_prob,3,0.3466666666666667,60
3,1,hand:cum_mean_token_prob,5,0.4890552995391705,87
3,1,hand:cum_mean_token_prob [task-rel],-1,0.579196665403562,207
3,1,hand:cum_mean_token_prob [task-rel],1,0.6177777777777778,60
3,1,hand:cum_mean_token_prob [task-rel],3,0.54,60
3,1,hand:cum_mean_token_prob [task-rel],5,0.5662442396313364,87
3,1,hand:cum_dpos,-1,0.4477074649488443,207
3,1,hand:cum_dpos,1,0.4711111111111111,60
3,1,hand:cum_dpos,3,0.21222222222222223,60
3,1,hand:cum_dpos,5,0.36347926267281105,87
3,1,hand:cum_dpos [task-rel],-1,0.574838954149299,207
3,1,hand:cum_dpos [task-rel],1,0.5711111111111111,60
3,1,hand:cum_dpos [task-rel],3,0.6444444444444445,60
3,1,hand:cum_dpos [task-rel],5,0.48502304147465436,87
3,1,hand:cum_drot,-1,0.5202728306176582,207
3,1,hand:cum_drot,1,0.7077777777777777,60
3,1,hand:cum_drot,3,0.3022222222222222,60
3,1,hand:cum_drot,5,0.5374423963133641,87
3,1,hand:cum_drot [task-rel],-1,0.5795755968169761,207
3,1,hand:cum_drot [task-rel],1,0.5077777777777778,60
3,1,hand:cum_drot [task-rel],3,0.6811111111111111,60
3,1,hand:cum_drot [task-rel],5,0.506336405529954,87
3,1,hand:dgripper,-1,0.3793103448275862,207
3,1,hand:dgripper,1,0.5,60
3,1,hand:dgripper,3,0.23333333333333334,60
3,1,hand:dgripper,5,0.39285714285714285,87
3,1,hand:dgripper [task-rel],-1,0.37556839712012124,207
3,1,hand:dgripper [task-rel],1,0.49944444444444447,60
3,1,hand:dgripper [task-rel],3,0.22555555555555556,60
3,1,hand:dgripper [task-rel],5,0.39285714285714285,87
4,0,SAFE-MLP,-1,0.8645304275556377,210
4,0,SAFE-MLP,1,0.94,60
4,0,SAFE-MLP,5,0.8715437788018433,87
4,0,SAFE-MLP,6,0.9232323232323232,63
4,0,SAFE-MLP [task-rel],-1,0.47483608828146645,210
4,0,SAFE-MLP [task-rel],1,0.51,60
4,0,SAFE-MLP [task-rel],5,0.42569124423963134,87
4,0,SAFE-MLP [task-rel],6,0.5323232323232323,63
4,0,H&S,-1,0.7982269831009327,210
4,0,H&S,1,0.8355555555555556,60
4,0,H&S,5,0.6883640552995391,87
4,0,H&S,6,0.8777777777777778,63
4,0,H&S [task-rel],-1,0.7661833964354973,210
4,0,H&S [task-rel],1,0.8166666666666667,60
4,0,H&S [task-rel],5,0.6399769585253456,87
4,0,H&S [task-rel],6,0.8393939393939394,63
4,0,SAFE-Embed,-1,0.7853910795087266,210
4,0,SAFE-Embed,1,0.7388888888888889,60
4,0,SAFE-Embed,5,0.8220046082949308,87
4,0,SAFE-Embed,6,0.8717171717171717,63
4,0,SAFE-Embed [task-rel],-1,0.79167051435959,210
4,0,SAFE-Embed [task-rel],1,0.92,60
4,0,SAFE-Embed [task-rel],5,0.7131336405529954,87
4,0,SAFE-Embed [task-rel],6,0.8666666666666667,63
4,0,hand:cum_mean_token_entropy,-1,0.6042109151352849,210
4,0,hand:cum_mean_token_entropy,1,0.48333333333333334,60
4,0,hand:cum_mean_token_entropy,5,0.6036866359447005,87
4,0,hand:cum_mean_token_entropy,6,0.7070707070707071,63
4,0,hand:cum_mean_token_entropy [task-rel],-1,0.6418875242404655,210
4,0,hand:cum_mean_token_entropy [task-rel],1,0.7055555555555556,60
4,0,hand:cum_mean_token_entropy [task-rel],5,0.5858294930875576,87
4,0,hand:cum_mean_token_entropy [task-rel],6,0.6232323232323232,63
4,0,hand:mean_token_entropy,-1,0.4108412595807554,210
4,0,hand:mean_token_entropy,1,0.5644444444444444,60
4,0,hand:mean_token_entropy,5,0.40610599078341014,87
4,0,hand:mean_token_entropy,6,0.2676767676767677,63
4,0,hand:mean_token_entropy [task-rel],-1,0.4732662295687506,210
4,0,hand:mean_token_entropy [task-rel],1,0.4666666666666667,60
4,0,hand:mean_token_entropy [task-rel],5,0.4815668202764977,87
4,0,hand:mean_token_entropy [task-rel],6,0.4727272727272727,63
4,0,hand:cum_max_token_entropy,-1,0.5735524979222458,210
4,0,hand:cum_max_token_entropy,1,0.44222222222222224,60
4,0,hand:cum_max_token_entropy,5,0.5472350230414746,87
4,0,hand:cum_max_token_entropy,6,0.6626262626262627,63
4,0,hand:cum_max_token_entropy [task-rel],-1,0.6188013667005263,210
4,0,hand:cum_max_token_entropy [task-rel],1,0.66,60
4,0,hand:cum_max_token_entropy [task-rel],5,0.5155529953917051,87
4,0,hand:cum_max_token_entropy [task-rel],6,0.705050505050505,63
4,0,hand:cum_mean_token_prob,-1,0.5217471604026226,210
4,0,hand:cum_mean_token_prob,1,0.6822222222222222,60
4,0,hand:cum_mean_token_prob,5,0.4890552995391705,87
4,0,hand:cum_mean_token_prob,6,0.4161616161616162,63
4,0,hand:cum_mean_token_prob [task-rel],-1,0.6173238526179703,210
4,0,hand:cum_mean_token_prob [task-rel],1,0.6177777777777778,60
4,0,hand:cum_mean_token_prob [task-rel],5,0.5662442396313364,87
4,0,hand:cum_mean_token_prob [task-rel],6,0.6595959595959596,63
4,0,hand:cum_dpos,-1,0.4767753255148213,210
4,0,hand:cum_dpos,1,0.4711111111111111,60
4,0,hand:cum_dpos,5,0.36347926267281105,87
4,0,hand:cum_dpos,6,0.5818181818181818,63
4,0,hand:cum_dpos [task-rel],-1,0.5515744759442238,210
4,0,hand:cum_dpos [task-rel],1,0.5711111111111111,60
4,0,hand:cum_dpos [task-rel],5,0.48502304147465436,87
4,0,hand:cum_dpos [task-rel],6,0.5505050505050505,63
4,0,hand:cum_drot,-1,0.5707821590174531,210
4,0,hand:cum_drot,1,0.7077777777777777,60
4,0,hand:cum_drot,5,0.5374423963133641,87
4,0,hand:cum_drot,6,0.6,63
4,0,hand:cum_drot [task-rel],-1,0.5025394773293933,210
4,0,hand:cum_drot [task-rel],1,0.5077777777777778,60
4,0,hand:cum_drot [task-rel],5,0.506336405529954,87
4,0,hand:cum_drot [task-rel],6,0.4111111111111111,63
4,0,hand:dgripper,-1,0.4411764705882353,210
4,0,hand:dgripper,1,0.5,60
4,0,hand:dgripper,5,0.39285714285714285,87
4,0,hand:dgripper,6,0.4696969696969697,63
4,0,hand:dgripper [task-rel],-1,0.4439006371779481,210
4,0,hand:dgripper [task-rel],1,0.49944444444444447,60
4,0,hand:dgripper [task-rel],5,0.39285714285714285,87
4,0,hand:dgripper [task-rel],6,0.48535353535353537,63
4,1,SAFE-MLP,-1,0.8835534213685474,210
4,1,SAFE-MLP,1,0.9,60
4,1,SAFE-MLP,5,0.934331797235023,87
4,1,SAFE-MLP,6,0.9292929292929293,63
4,1,SAFE-MLP [task-rel],-1,0.5987625819558593,210
4,1,SAFE-MLP [task-rel],1,0.5911111111111111,60
4,1,SAFE-MLP [task-rel],5,0.6221198156682027,87
4,1,SAFE-MLP [task-rel],6,0.604040404040404,63
4,1,H&S,-1,0.7750484809308339,210
4,1,H&S,1,0.5633333333333334,60
4,1,H&S,5,0.7908986175115207,87
4,1,H&S,6,0.8858585858585859,63
4,1,H&S [task-rel],-1,0.7205651491365777,210
4,1,H&S [task-rel],1,0.5066666666666667,60
4,1,H&S [task-rel],5,0.7056451612903226,87
4,1,H&S [task-rel],6,0.8818181818181818,63
4,1,SAFE-Embed,-1,0.7792039892880229,210
4,1,SAFE-Embed,1,0.7677777777777778,60
4,1,SAFE-Embed,5,0.8052995391705069,87
4,1,SAFE-Embed,6,0.8464646464646465,63
4,1,SAFE-Embed [task-rel],-1,0.8059839320343523,210
4,1,SAFE-Embed [task-rel],1,0.9455555555555556,60
4,1,SAFE-Embed [task-rel],5,0.7119815668202765,87
4,1,SAFE-Embed [task-rel],6,0.8777777777777778,63
4,1,hand:cum_mean_token_entropy,-1,0.6042109151352849,210
4,1,hand:cum_mean_token_entropy,1,0.48333333333333334,60
4,1,hand:cum_mean_token_entropy,5,0.6036866359447005,87
4,1,hand:cum_mean_token_entropy,6,0.7070707070707071,63
4,1,hand:cum_mean_token_entropy [task-rel],-1,0.6418875242404655,210
4,1,hand:cum_mean_token_entropy [task-rel],1,0.7055555555555556,60
4,1,hand:cum_mean_token_entropy [task-rel],5,0.5858294930875576,87
4,1,hand:cum_mean_token_entropy [task-rel],6,0.6232323232323232,63
4,1,hand:mean_token_entropy,-1,0.4108412595807554,210
4,1,hand:mean_token_entropy,1,0.5644444444444444,60
4,1,hand:mean_token_entropy,5,0.40610599078341014,87
4,1,hand:mean_token_entropy,6,0.2676767676767677,63
4,1,hand:mean_token_entropy [task-rel],-1,0.4732662295687506,210
4,1,hand:mean_token_entropy [task-rel],1,0.4666666666666667,60
4,1,hand:mean_token_entropy [task-rel],5,0.4815668202764977,87
4,1,hand:mean_token_entropy [task-rel],6,0.4727272727272727,63
4,1,hand:cum_max_token_entropy,-1,0.5735524979222458,210
4,1,hand:cum_max_token_entropy,1,0.44222222222222224,60
4,1,hand:cum_max_token_entropy,5,0.5472350230414746,87
4,1,hand:cum_max_token_entropy,6,0.6626262626262627,63
4,1,hand:cum_max_token_entropy [task-rel],-1,0.6188013667005263,210
4,1,hand:cum_max_token_entropy [task-rel],1,0.66,60
4,1,hand:cum_max_token_entropy [task-rel],5,0.5155529953917051,87
4,1,hand:cum_max_token_entropy [task-rel],6,0.705050505050505,63
4,1,hand:cum_mean_token_prob,-1,0.5217471604026226,210
4,1,hand:cum_mean_token_prob,1,0.6822222222222222,60
4,1,hand:cum_mean_token_prob,5,0.4890552995391705,87
4,1,hand:cum_mean_token_prob,6,0.4161616161616162,63
4,1,hand:cum_mean_token_prob [task-rel],-1,0.6173238526179703,210
4,1,hand:cum_mean_token_prob [task-rel],1,0.6177777777777778,60
4,1,hand:cum_mean_token_prob [task-rel],5,0.5662442396313364,87
4,1,hand:cum_mean_token_prob [task-rel],6,0.6595959595959596,63
4,1,hand:cum_dpos,-1,0.48411672361252195,210
4,1,hand:cum_dpos,1,0.43555555555555553,60
4,1,hand:cum_dpos,5,0.48934331797235026,87
4,1,hand:cum_dpos,6,0.5161616161616162,63
4,1,hand:cum_dpos [task-rel],-1,0.5492658601902299,210
4,1,hand:cum_dpos [task-rel],1,0.8088888888888889,60
4,1,hand:cum_dpos [task-rel],5,0.5380184331797235,87
4,1,hand:cum_dpos [task-rel],6,0.3838383838383838,63
4,1,hand:cum_drot,-1,0.4765906362545018,210
4,1,hand:cum_drot,1,0.3488888888888889,60
4,1,hand:cum_drot,5,0.44297235023041476,87
4,1,hand:cum_drot,6,0.5383838383838384,63
4,1,hand:cum_drot [task-rel],-1,0.5093729799612152,210
4,1,hand:cum_drot [task-rel],1,0.6933333333333334,60
4,1,hand:cum_drot [task-rel],5,0.5794930875576036,87
4,1,hand:cum_drot [task-rel],6,0.43434343434343436,63
4,1,hand:dgripper,-1,0.4411764705882353,210
4,1,hand:dgripper,1,0.5,60
4,1,hand:dgripper,5,0.39285714285714285,87
4,1,hand:dgripper,6,0.4696969696969697,63
4,1,hand:dgripper [task-rel],-1,0.4439006371779481,210
4,1,hand:dgripper [task-rel],1,0.49944444444444447,60
4,1,hand:dgripper [task-rel],5,0.39285714285714285,87
4,1,hand:dgripper [task-rel],6,0.48535353535353537,63
5,0,SAFE-MLP,-1,0.7945331978945425,210
5,0,SAFE-MLP,2,0.7211111111111111,60
5,0,SAFE-MLP,5,0.8387096774193549,87
5,0,SAFE-MLP,6,0.8777777777777778,63
5,0,SAFE-MLP [task-rel],-1,0.6212946717148398,210
5,0,SAFE-MLP [task-rel],2,0.6233333333333333,60
5,0,SAFE-MLP [task-rel],5,0.6549539170506913,87
5,0,SAFE-MLP [task-rel],6,0.5444444444444444,63
5,0,H&S,-1,0.7415273801828424,210
5,0,H&S,2,0.6277777777777778,60
5,0,H&S,5,0.7108294930875576,87
5,0,H&S,6,0.8808080808080808,63
5,0,H&S [task-rel],-1,0.6952627204728045,210
5,0,H&S [task-rel],2,0.5766666666666667,60
5,0,H&S [task-rel],5,0.6762672811059908,87
5,0,H&S [task-rel],6,0.8727272727272727,63
5,0,SAFE-Embed,-1,0.8006279434850864,210
5,0,SAFE-Embed,2,0.7688888888888888,60
5,0,SAFE-Embed,5,0.7903225806451613,87
5,0,SAFE-Embed,6,0.8686868686868687,63
5,0,SAFE-Embed [task-rel],-1,0.7546403176655277,210
5,0,SAFE-Embed [task-rel],2,0.67,60
5,0,SAFE-Embed [task-rel],5,0.7142857142857143,87
5,0,SAFE-Embed [task-rel],6,0.9090909090909091,63
5,0,hand:cum_mean_token_entropy,-1,0.6069812540400775,210
5,0,hand:cum_mean_token_entropy,2,0.5344444444444445,60
5,0,hand:cum_mean_token_entropy,5,0.6036866359447005,87
5,0,hand:cum_mean_token_entropy,6,0.7070707070707071,63
5,0,hand:cum_mean_token_entropy [task-rel],-1,0.6236956320989935,210
5,0,hand:cum_mean_token_entropy [task-rel],2,0.6144444444444445,60
5,0,hand:cum_mean_token_entropy [task-rel],5,0.5858294930875576,87
5,0,hand:cum_mean_token_entropy [task-rel],6,0.6232323232323232,63
5,0,hand:mean_token_entropy,-1,0.3597746791024102,210
5,0,hand:mean_token_entropy,2,0.35555555555555557,60
5,0,hand:mean_token_entropy,5,0.40610599078341014,87
5,0,hand:mean_token_entropy,6,0.2676767676767677,63
5,0,hand:mean_token_entropy [task-rel],-1,0.4309723889555822,210
5,0,hand:mean_token_entropy [task-rel],2,0.31555555555555553,60
5,0,hand:mean_token_entropy [task-rel],5,0.4815668202764977,87
5,0,hand:mean_token_entropy [task-rel],6,0.4727272727272727,63
5,0,hand:cum_max_token_entropy,-1,0.5839874411302983,210
5,0,hand:cum_max_token_entropy,2,0.5055555555555555,60
5,0,hand:cum_max_token_entropy,5,0.5472350230414746,87
5,0,hand:cum_max_token_entropy,6,0.6626262626262627,63
5,0,hand:cum_max_token_entropy [task-rel],-1,0.595807553790747,210
5,0,hand:cum_max_token_entropy [task-rel],2,0.59,60
5,0,hand:cum_max_token_entropy [task-rel],5,0.5155529953917051,87
5,0,hand:cum_max_token_entropy [task-rel],6,0.705050505050505,63
5,0,hand:cum_mean_token_prob,-1,0.45368916797488223,210
5,0,hand:cum_mean_token_prob,2,0.44333333333333336,60
5,0,hand:cum_mean_token_prob,5,0.4890552995391705,87
5,0,hand:cum_mean_token_prob,6,0.4161616161616162,63
5,0,hand:cum_mean_token_prob [task-rel],-1,0.6398559423769508,210
5,0,hand:cum_mean_token_prob [task-rel],2,0.6711111111111111,60
5,0,hand:cum_mean_token_prob [task-rel],5,0.5662442396313364,87
5,0,hand:cum_mean_token_prob [task-rel],6,0.6595959595959596,63
5,0,hand:cum_dpos,-1,0.5071105365223012,210
5,0,hand:cum_dpos,2,0.4922222222222222,60
5,0,hand:cum_dpos,5,0.48934331797235026,87
5,0,hand:cum_dpos,6,0.5161616161616162,63
5,0,hand:cum_dpos [task-rel],-1,0.4692030658417213,210
5,0,hand:cum_dpos [task-rel],2,0.48,60
5,0,hand:cum_dpos [task-rel],5,0.5380184331797235,87
5,0,hand:cum_dpos [task-rel],6,0.3838383838383838,63
5,0,hand:cum_drot,-1,0.498106935081725,210
5,0,hand:cum_drot,2,0.41444444444444445,60
5,0,hand:cum_drot,5,0.5374423963133641,87
5,0,hand:cum_drot,6,0.6,63
5,0,hand:cum_drot [task-rel],-1,0.5357835441869055,210
5,0,hand:cum_drot [task-rel],2,0.6188888888888889,60
5,0,hand:cum_drot [task-rel],5,0.506336405529954,87
5,0,hand:cum_drot [task-rel],6,0.4111111111111111,63
5,0,hand:dgripper,-1,0.4957983193277311,210
5,0,hand:dgripper,2,0.48333333333333334,60
5,0,hand:dgripper,5,0.5,87
5,0,hand:dgripper,6,0.5,63
5,0,hand:dgripper [task-rel],-1,0.49866100286268356,210
5,0,hand:dgripper [task-rel],2,0.5166666666666667,60
5,0,hand:dgripper [task-rel],5,0.5,87
5,0,hand:dgripper [task-rel],6,0.48333333333333334,63
5,1,SAFE-MLP,-1,0.783359497645212,210
5,1,SAFE-MLP,2,0.6622222222222223,60
5,1,SAFE-MLP,5,0.8623271889400922,87
5,1,SAFE-MLP,6,0.9242424242424242,63
5,1,SAFE-MLP [task-rel],-1,0.5842644750207775,210
5,1,SAFE-MLP [task-rel],2,0.5544444444444444,60
5,1,SAFE-MLP [task-rel],5,0.5794930875576036,87
5,1,SAFE-MLP [task-rel],6,0.692929292929293,63
5,1,H&S,-1,0.7385723520177302,210
5,1,H&S,2,0.63,60
5,1,H&S,5,0.7154377880184332,87
5,1,H&S,6,0.8767676767676768,63
5,1,H&S [task-rel],-1,0.7293378890017546,210
5,1,H&S [task-rel],2,0.6,60
5,1,H&S [task-rel],5,0.6699308755760369,87
5,1,H&S [task-rel],6,0.8737373737373737,63
5,1,SAFE-Embed,-1,0.7965647797580571,210
5,1,SAFE-Embed,2,0.7655555555555555,60
5,1,SAFE-Embed,5,0.7811059907834101,87
5,1,SAFE-Embed,6,0.8818181818181818,63
5,1,SAFE-Embed [task-rel],-1,0.743558962046357,210
5,1,SAFE-Embed [task-rel],2,0.6955555555555556,60
5,1,SAFE-Embed [task-rel],5,0.7102534562211982,87
5,1,SAFE-Embed [task-rel],6,0.8747474747474747,63
5,1,hand:cum_mean_token_entropy,-1,0.6069812540400775,210
5,1,hand:cum_mean_token_entropy,2,0.5344444444444445,60
5,1,hand:cum_mean_token_entropy,5,0.6036866359447005,87
5,1,hand:cum_mean_token_entropy,6,0.7070707070707071,63
5,1,hand:cum_mean_token_entropy [task-rel],-1,0.6236956320989935,210
5,1,hand:cum_mean_token_entropy [task-rel],2,0.6144444444444445,60
5,1,hand:cum_mean_token_entropy [task-rel],5,0.5858294930875576,87
5,1,hand:cum_mean_token_entropy [task-rel],6,0.6232323232323232,63
5,1,hand:mean_token_entropy,-1,0.3597746791024102,210
5,1,hand:mean_token_entropy,2,0.35555555555555557,60
5,1,hand:mean_token_entropy,5,0.40610599078341014,87
5,1,hand:mean_token_entropy,6,0.2676767676767677,63
5,1,hand:mean_token_entropy [task-rel],-1,0.4309723889555822,210
5,1,hand:mean_token_entropy [task-rel],2,0.31555555555555553,60
5,1,hand:mean_token_entropy [task-rel],5,0.4815668202764977,87
5,1,hand:mean_token_entropy [task-rel],6,0.4727272727272727,63
5,1,hand:cum_max_token_entropy,-1,0.5839874411302983,210
5,1,hand:cum_max_token_entropy,2,0.5055555555555555,60
5,1,hand:cum_max_token_entropy,5,0.5472350230414746,87
5,1,hand:cum_max_token_entropy,6,0.6626262626262627,63
5,1,hand:cum_max_token_entropy [task-rel],-1,0.595807553790747,210
5,1,hand:cum_max_token_entropy [task-rel],2,0.59,60
5,1,hand:cum_max_token_entropy [task-rel],5,0.5155529953917051,87
5,1,hand:cum_max_token_entropy [task-rel],6,0.705050505050505,63
5,1,hand:cum_mean_token_prob,-1,0.4006833502631822,210
5,1,hand:cum_mean_token_prob,2,0.4388888888888889,60
5,1,hand:cum_mean_token_prob,5,0.3824884792626728,87
5,1,hand:cum_mean_token_prob,6,0.3474747474747475,63
5,1,hand:cum_mean_token_prob [task-rel],-1,0.3775048480930834,210
5,1,hand:cum_mean_token_prob [task-rel],2,0.35777777777777775,60
5,1,hand:cum_mean_token_prob [task-rel],5,0.40898617511520735,87
5,1,hand:cum_mean_token_prob [task-rel],6,0.3888888888888889,63
5,1,hand:cum_dpos,-1,0.5071105365223012,210
5,1,hand:cum_dpos,2,0.4922222222222222,60
5,1,hand:cum_dpos,5,0.48934331797235026,87
5,1,hand:cum_dpos,6,0.5161616161616162,63
5,1,hand:cum_dpos [task-rel],-1,0.4692030658417213,210
5,1,hand:cum_dpos [task-rel],2,0.48,60
5,1,hand:cum_dpos [task-rel],5,0.5380184331797235,87
5,1,hand:cum_dpos [task-rel],6,0.3838383838383838,63
5,1,hand:cum_drot,-1,0.498106935081725,210
5,1,hand:cum_drot,2,0.41444444444444445,60
5,1,hand:cum_drot,5,0.5374423963133641,87
5,1,hand:cum_drot,6,0.6,63
5,1,hand:cum_drot [task-rel],-1,0.5357835441869055,210
5,1,hand:cum_drot [task-rel],2,0.6188888888888889,60
5,1,hand:cum_drot [task-rel],5,0.506336405529954,87
5,1,hand:cum_drot [task-rel],6,0.4111111111111111,63
5,1,hand:dgripper,-1,0.4957983193277311,210
5,1,hand:dgripper,2,0.48333333333333334,60
5,1,hand:dgripper,5,0.5,87
5,1,hand:dgripper,6,0.5,63
5,1,hand:dgripper [task-rel],-1,0.49866100286268356,210
5,1,hand:dgripper [task-rel],2,0.5166666666666667,60
5,1,hand:dgripper [task-rel],5,0.5,87
5,1,hand:dgripper [task-rel],6,0.48333333333333334,63
